{
    "loss": [
        0.2687457555901013,
        0.09215220323265362,
        0.060924083510759286,
        0.04668948034952476,
        0.03825111536960453,
        0.030945600725329127,
        0.026942948808770444,
        0.022504868425690987,
        0.018228087328505446,
        0.015245439607584512
    ],
    "accuracy": [
        0.9200666666666667,
        0.97365,
        0.9824,
        0.9865166666666667,
        0.9890333333333333,
        0.99095,
        0.99195,
        0.9934666666666667,
        0.9951166666666666,
        0.9962666666666666
    ]
}